country,handle,display_name,followers_estimate,bio_snippet,profile_url,why_relevant,niche,source_urls,discovered_at,created_at,,,,
Saudi Arabia,@JanGold_,Jan Nieuwenhuijs,,Jan Nieuwenhuijs (@JanGold_) - Posts - Gold analyst. I mostly tweet about economics and financial markets. | X (formerly Twitter),https://x.com/JanGold_,Saudi Arabia forex/gold creator — Jan Nieuwenhuijs (@JanGold_) / Posts / X - Twitter,forex-gold-signals,"[""https://x.com/JanGold_""]",2026-06-26 13:31:32.777511+00,2026-06-26 13:31:32.777511+00,,,discovered_at,created_at
France,@VincentGanne,Vincent Ganne,,"Location: Paris, France Joined: Analyste financier. Vues de marché techniques (CFTe) et global macro. Fast & Forex Le Dollar US",https://x.com/VincentGanne,France forex/gold creator — Vincent Ganne (@VincentGanne) / Posts / X - Twitter,forex-gold-signals,"[""https://x.com/VincentGanne""]",2026-06-26 13:41:04.849099+00,2026-06-26 13:41:04.849099+00,,,2026-06-26 13:31:32.777511+00,2026-06-26 13:31:32.777511+00
Germany,@PhilipForexCom,Philip Paps,,"Deutschland schwach: Industrieaufträge -4% OECD-Wachstumsprognose: USA 2%, EU nur 0,8% #Aktienmarkt #Nikkei #Ölpreis #AI #OpenAI #Nvidia #Zinsen #Inflation ...",https://x.com/PhilipForexCom,Germany forex/gold creator — Philip Paps (@PhilipForexCom) / Posts / X - Twitter,forex-gold-signals,"[""https://x.com/PhilipForexCom""]",2026-06-26 13:40:50.270281+00,2026-06-26 13:40:50.270281+00,,,2026-06-26 13:41:04.849099+00,2026-06-26 13:41:04.849099+00
UAE,@cmsprime_en,CMS Prime,,Global multi-asset broker offering unparalleled trading conditions designed to meet & exceed all expectations from both professional & novice traders.Read more,https://x.com/cmsprime_en,UAE forex/gold creator — CMS Prime (@cmsprime_en) / Posts / X,forex-gold-signals,"[""https://x.com/cmsprime_en""]",2026-06-26 13:31:24.858374+00,2026-06-26 13:31:24.858374+00,,,2026-06-26 13:40:50.270281+00,2026-06-26 13:40:50.270281+00
Canada,@Habbyforex_,Habbyfx,,"HABBY fOREX ACAdEMy. -HIGHEST PAID DAY TRADER IN AFRICA , -I TOLD EM “ I'M THE F<>KING BEST “ , -MY LIFE IS A MOVIE , -READ MY BOOK & BE ...",https://x.com/Habbyforex_,Canada forex/gold creator — Habbyfx (@Habbyforex_) / Posts / X - Twitter,forex-gold-signals,"[""https://x.com/Habbyforex_""]",2026-06-26 13:31:14.887563+00,2026-06-26 13:31:14.887563+00,,,2026-06-26 13:31:24.858374+00,2026-06-26 13:31:24.858374+00
Canada,@ForexDirectory1,Forex Directory,,"Find the best FOREX Brokers, FOREX Bonuses, FOREX Signals, FOREX Affiliate Programs, FOREX News, FOREX Rates and everything FOREX related on Forex Directory!",https://x.com/ForexDirectory1,Canada forex/gold creator — Forex Directory (@ForexDirectory1) / Posts / X - Twitter,forex-gold-signals,"[""https://x.com/ForexDirectory1""]",2026-06-26 13:40:37.613372+00,2026-06-26 13:40:37.613372+00,,,2026-06-26 13:31:14.887563+00,2026-06-26 13:31:14.887563+00
France,@carter_dai24769,Daisy Cater | FX Trader,,Daisy Cater | FX Trader (@carter_dai24769) - Posts - CMT Certified #XAUUSD #Forex & #Indices Trader Helping traders read charts & trends.,https://x.com/carter_dai24769,France forex/gold creator — Daisy Cater | FX Trader (@carter_dai24769) / Posts / X - Twitter,forex-gold-signals,"[""https://x.com/carter_dai24769""]",2026-06-26 13:41:00.602342+00,2026-06-26 13:41:00.602342+00,,,2026-06-26 13:40:37.613372+00,2026-06-26 13:40:37.613372+00
Italy,@LyraN56965,Lyra Nayeli,,"Mi sono assicurato un profitto netto di $1.883,25 su XAUUSD con una solida posizione di vendita da 3312,63 a 3294,00. Pazienza, analisi e strategia = risultati ...",https://x.com/LyraN56965?lang=bg,Italy forex/gold creator — Lyra Nayeli (@LyraN56965) / Posts / X - Twitter,forex-gold-signals,"[""https://x.com/LyraN56965?lang=bg""]",2026-06-26 13:40:45.5169+00,2026-06-26 13:40:45.5169+00,,,2026-06-26 13:41:00.602342+00,2026-06-26 13:41:00.602342+00
UAE,@Tphitxauusd,TP HIT XAUUSD Forex,,"TP HIT XAUUSD Forex (@Tphitxauusd) - Posts - Helping you to trade effectively, without getting lost in your emotions. #Trading #Forextrading.",https://x.com/Tphitxauusd,UAE forex/gold creator — TP HIT XAUUSD Forex (@Tphitxauusd) / Posts / X,forex-gold-signals,"[""https://x.com/Tphitxauusd""]",2026-06-26 13:31:28.121793+00,2026-06-26 13:31:28.121793+00,,,2026-06-26 13:40:45.5169+00,2026-06-26 13:40:45.5169+00
Italy,@ITADubai,ITA Dubai,,"Hand of Gold celebrates the connection between Italian artistry and regional inspiration, highlighting collections that bring together Italian expertise, ...",https://x.com/ITADubai,Italy forex/gold creator — ITA Dubai (@ITADubai) / Posts / X - Twitter,forex-gold-signals,"[""https://x.com/ITADubai""]",2026-06-26 13:31:19.016062+00,2026-06-26 13:31:19.016062+00,,,2026-06-26 13:31:28.121793+00,2026-06-26 13:31:28.121793+00
Germany,@GOLDINVEST_en,GOLDINVEST Global,,"GOLDINVEST Global. GOLDINVEST_en. Location: Germany. Website: http://www.goldinvest.de ... Gold Price: Analysts Expect a Rebound to Nearly $4,800 | GOLDINVEST.Read more",https://x.com/GOLDINVEST_en,Germany forex/gold creator — GOLDINVEST Global (@GOLDINVEST_en) / Posts / X,forex-gold-signals,"[""https://x.com/GOLDINVEST_en""]",2026-06-26 13:31:22.440449+00,2026-06-26 13:31:22.440449+00,,,2026-06-26 13:31:19.016062+00,2026-06-26 13:31:19.016062+00
Italy,@RealDhuntley,Dylan Huntley⚖️,,Dylan Huntley⚖️. Self made millionaire by 15 | Founder of 3 companies at 17 -sports -politics -influencers. Invest in crypto and forex. Make your mistakes.,https://x.com/RealDhuntley,Italy forex/gold creator — Dylan Huntley⚖️ (@RealDhuntley) / Posts / X - Twitter,forex-gold-signals,"[""https://x.com/RealDhuntley""]",2026-06-26 13:40:42.076834+00,2026-06-26 13:40:42.076834+00,,,2026-06-26 13:31:22.440449+00,2026-06-26 13:31:22.440449+00
Canada,@dayendtrader,Day End Trader,,CEO Two Pairs Investment | Futures Trader | CMT Level 2 | CFA Level 2 ... I'm not trading Gold/Nasdaq or taking any swing trades as I'm deeply ...,https://x.com/dayendtrader,Canada forex/gold creator — Day End Trader (@dayendtrader) / Posts / X - Twitter,forex-gold-signals,"[""https://x.com/dayendtrader""]",2026-06-26 13:40:35.227762+00,2026-06-26 13:40:35.227762+00,,,2026-06-26 13:40:42.076834+00,2026-06-26 13:40:42.076834+00
UK,@nickcawley1,Nick Cawley,,"Gold rallies above $4,350 as oil prices tumble, but analysts say recovery is not complete. (Kitco News) - The gold market is seeing some solid ...",https://x.com/nickcawley1,UK forex/gold creator — Nick Cawley (@nickcawley1) / Posts / X - Twitter,forex-gold-signals,"[""https://x.com/nickcawley1""]",2026-06-26 13:31:35.692733+00,2026-06-26 13:31:35.692733+00,,,2026-06-26 13:40:35.227762+00,2026-06-26 13:40:35.227762+00
Canada,@Vito_Forexx,Vito Forex,,"Don't give up on your goals. Keep learning, keep improving, and let the results speak for themselves. Next stop Canada ✈️.",https://x.com/Vito_Forexx,Canada forex/gold creator — Vito Forex (@Vito_Forexx) / Posts / X - Twitter,forex-gold-signals,"[""https://x.com/Vito_Forexx""]",2026-06-26 13:31:15.665823+00,2026-06-26 13:31:15.665823+00,,,2026-06-26 13:31:35.692733+00,2026-06-26 13:31:35.692733+00
Italy,@aburgos381988,Agustín Burgos Baena,,✓Situación fundamental aceptable. ✓Cumple con requisitos técnicos. ✓Siempre que este por encima de los 16 USD. Para ver el análisis completo:⬇,https://x.com/aburgos381988,Italy forex/gold creator — Agustín Burgos Baena (Experts Training) - Twitter,forex-gold-signals,"[""https://x.com/aburgos381988""]",2026-06-26 13:40:38.911454+00,2026-06-26 13:40:38.911454+00,,,2026-06-26 13:31:15.665823+00,2026-06-26 13:31:15.665823+00
Poland,@KangaPolska,Kanga Polska,1674,"1674Followers. ✓Gold. System narzędzi i usług FinTech, który ma na celu ułatwienie adopcji kryptowalut w życiu codziennym. Posts. Kanga Polska profile. Kanga ...",https://x.com/KangaPolska,Poland forex/gold creator — Kanga Polska (@KangaPolska) / Posts / X - Twitter,forex-gold-signals,"[""https://x.com/KangaPolska""]",2026-06-26 13:41:20.5763+00,2026-06-26 13:41:20.5763+00,,,2026-06-26 13:40:38.911454+00,2026-06-26 13:40:38.911454+00
Canada,@Forextr21076685,XAUUSD,,"Trader, Analyst, Financial Counselor. XAUUSD, GOLD Full time trader. RISK MANAGMENT IS KEY. PERIOD :) New to trading? DM me to start your trading journey ...",https://x.com/Forextr21076685,Canada forex/gold creator — XAUUSD (@Forextr21076685) / Posts / X - Twitter,forex-gold-signals,"[""https://x.com/Forextr21076685""]",2026-06-26 13:40:32.201531+00,2026-06-26 13:40:32.201531+00,,,2026-06-26 13:41:20.5763+00,2026-06-26 13:41:20.5763+00
Poland,@DayTraderPL,Tomek Przybycien,,Tomek Przybycien (@DayTraderPL) - Posts - Trader. | X (formerly Twitter) ... Tomek Przybycien✓. DayTraderPL. Location: Poland. Website: https://youtube.com ...,https://x.com/DayTraderPL,Poland forex/gold creator — Tomek Przybycien (@DayTraderPL) / Posts / X - Twitter,forex-gold-signals,"[""https://x.com/DayTraderPL""]",2026-06-26 13:31:37.358216+00,2026-06-26 13:31:37.358216+00,,,2026-06-26 13:40:32.201531+00,2026-06-26 13:40:32.201531+00
France,@foresignal,foresignal,,Foresignal.com (@Foresignal) - Posts - Free Forex signals | X (formerly Twitter) ... New EUR/JPY Forex signal #forex #fx #eurjpy foresignal.com/signals/one ...,https://x.com/foresignal,France forex/gold creator — Foresignal.com - Twitter,forex-gold-signals,"[""https://x.com/foresignal""]",2026-06-26 13:41:02.842535+00,2026-06-26 13:41:02.842535+00,,,2026-06-26 13:31:37.358216+00,2026-06-26 13:31:37.358216+00
UK,@uklearntotrade,Learn To Trade,,Simple buy and sell signals for forex trading. Want to learn more? Click the link in our bio to get started! #learntotrade #trading #forextrading # ...,https://x.com/uklearntotrade,UK forex/gold creator — Learn To Trade (@uklearntotrade) / Posts / X - Twitter,forex-gold-signals,"[""https://x.com/uklearntotrade""]",2026-06-26 13:41:13.211312+00,2026-06-26 13:41:13.211312+00,,,2026-06-26 13:41:02.842535+00,2026-06-26 13:41:02.842535+00
Italy,@KarbonIndia,Karbon Business,,Karbon Business is a Fintech giant catering advanced tech solutions with cutting-edge products for all financial needs. We serve 3000+ teams across India. Posts.,https://x.com/KarbonIndia,Italy forex/gold creator — Karbon Business (@KarbonIndia) / Posts / X - Twitter,forex-gold-signals,"[""https://x.com/KarbonIndia""]",2026-06-26 13:40:41.902034+00,2026-06-26 13:40:41.902034+00,,,2026-06-26 13:41:13.211312+00,2026-06-26 13:41:13.211312+00
UAE,@dubaifxtrading,Dubai Forex Trading,,"Earn upto 25% returns trading Forex, Commodities & CFDs with the experts. No Experience Required. Full Guidance Provided. Based in Dubai. Click dubaifxtrading.Read more",https://x.com/dubaifxtrading,UAE forex/gold creator — Dubai Forex Trading (@dubaifxtrading) / Posts / X,forex-gold-signals,"[""https://x.com/dubaifxtrading""]",2026-06-26 13:31:24.309144+00,2026-06-26 13:31:24.309144+00,,,2026-06-26 13:40:41.902034+00,2026-06-26 13:40:41.902034+00
France,@FXCMFrance,FXCM Français,,"Ouvrez avec FXCM France vous garantit la protection par l'AMF et l'ACPR en France. Les spreads, leviers resteront identiques. 1. 0. 2. 0. · 3. 0. 0.",https://x.com/FXCMFrance,France forex/gold creator — FXCM Français (@FXCMFrance) / Posts / X - Twitter,forex-gold-signals,"[""https://x.com/FXCMFrance""]",2026-06-26 13:41:04.497369+00,2026-06-26 13:41:04.497369+00,,,2026-06-26 13:31:24.309144+00,2026-06-26 13:31:24.309144+00
France,@GreenForexSigns,Green Forex Signals,,#forex Pairs Index Pro Forex Indicator: Trade forex like a pro with these new smart buy or sell signal indicator. tinyurl.com/zb9qdnn.,https://x.com/GreenForexSigns,France forex/gold creator — Green Forex Signals (@GreenForexSigns) / Posts / X - Twitter,forex-gold-signals,"[""https://x.com/GreenForexSigns""]",2026-06-26 13:41:02.467381+00,2026-06-26 13:41:02.467381+00,,,2026-06-26 13:41:04.497369+00,2026-06-26 13:41:04.497369+00
UK,@Captain_Jack785,Jack Blackwell,,"Jack Blackwell✓. Captain_Jack785. Location: London, England ... Gold Analysis & Trading Strategy | June 1 for OANDA:XAUUSD by Jack_blackwell5.",https://x.com/Captain_Jack785,UK forex/gold creator — Jack Blackwell (@Captain_Jack785) / Posts / X - Twitter,forex-gold-signals,"[""https://x.com/Captain_Jack785""]",2026-06-26 13:41:15.275776+00,2026-06-26 13:41:15.275776+00,,,2026-06-26 13:41:02.467381+00,2026-06-26 13:41:02.467381+00
Poland,@HuracanTrading,Huracan Trading,,"Zapomnij o zgadywaniu. Zobacz rynek tak, jak widzą go profesjonaliści. huracantrading.com #fx #trading #xauusd #bookmap #forex.",https://x.com/HuracanTrading,Poland forex/gold creator — Huracan Trading (@HuracanTrading) / Posts / X - Twitter,forex-gold-signals,"[""https://x.com/HuracanTrading""]",2026-06-26 13:41:18.042877+00,2026-06-26 13:41:18.042877+00,,,2026-06-26 13:41:15.275776+00,2026-06-26 13:41:15.275776+00
UAE,@GTC_fx,GTCFX_Global Official,,"$4,300 level, Trade Precious Metals: From interest rate decisions to Nonfarm Payrolls, expect volatility across AUD, USD, EUR, and even gold. ...",https://x.com/GTC_fx,UAE forex/gold creator — GTCFX_Global Official (@GTC_fx) / Posts / X - Twitter,forex-gold-signals,"[""https://x.com/GTC_fx""]",2026-06-26 13:40:58.443647+00,2026-06-26 13:40:58.443647+00,,,2026-06-26 13:41:18.042877+00,2026-06-26 13:41:18.042877+00
Saudi Arabia,@sierranevadaASX,Sierra Nevada Gold,,"Analyst Warwick Gregor highlights the prospectivity of our Nevada projects and our recently acquired Saudi Arabia #copper- #gold project, where we plan to ...",https://x.com/sierranevadaASX,Saudi Arabia forex/gold creator — Sierra Nevada Gold (@sierranevadaASX) / Posts / X - Twitter,forex-gold-signals,"[""https://x.com/sierranevadaASX""]",2026-06-26 13:31:32.959878+00,2026-06-26 13:31:32.959878+00,,,2026-06-26 13:40:58.443647+00,2026-06-26 13:40:58.443647+00
Poland,@PineMugho,MughoPine12,1603,"Location: Warsaw/Poland. Joined: Mar 11, 2022. 3999Posts. 525Following. 1603Followers. ✓Verified. The greatest polish trader. no recommendation here, it's diary",https://x.com/PineMugho,Poland forex/gold creator — MughoPine12/ Kosodrzewina12 (@PineMugho) / Posts / X - Twitter,forex-gold-signals,"[""https://x.com/PineMugho""]",2026-06-26 13:41:20.215031+00,2026-06-26 13:41:20.215031+00,,,2026-06-26 13:31:32.959878+00,2026-06-26 13:31:32.959878+00
UAE,@abaxx_spot,Abaxx Spot,,Abaxx Spot is in Dubai as the market examines the infrastructure required to modernize gold for the 21st century. Chief Economist @DavidVGreely,https://x.com/abaxx_spot,UAE forex/gold creator — Abaxx Spot (@abaxx_spot) / Posts / X - Twitter,forex-gold-signals,"[""https://x.com/abaxx_spot""]",2026-06-26 13:40:58.268928+00,2026-06-26 13:40:58.268928+00,,,2026-06-26 13:41:20.215031+00,2026-06-26 13:41:20.215031+00
UAE,@tradetaurex,Taurex,,"Gold continues to face selling pressure as bearish momentum keeps XAUUSD below key resistance levels. With a stronger US dollar, shifting Fed expectations, and ...",https://x.com/tradetaurex,UAE forex/gold creator — Taurex (@tradetaurex) / Posts / X - Twitter,forex-gold-signals,"[""https://x.com/tradetaurex""]",2026-06-26 13:40:55.297133+00,2026-06-26 13:40:55.297133+00,,,2026-06-26 13:40:58.268928+00,2026-06-26 13:40:58.268928+00
Germany,@trader_53,Trader 53,,Trader 53 (@trader_53) - Posts - Berliner. Dad. Daytrader for 25+ yrs * Thoughts on equities * NO TRADING ADVICE - DYODD! ENG-GER twe.,https://x.com/trader_53,Germany forex/gold creator — Trader 53 (@trader_53) / Posts / X - Twitter,forex-gold-signals,"[""https://x.com/trader_53""]",2026-06-26 13:31:21.578169+00,2026-06-26 13:31:21.578169+00,,,2026-06-26 13:40:55.297133+00,2026-06-26 13:40:55.297133+00
Poland,@aus_goldfund,Australian Gold Fund,,"Gold is no longer trading purely on geopolitics. It is trading on interest rate expectations. The key level to watch is US$4,200/oz. A sustained move above it ...",https://x.com/aus_goldfund,Poland forex/gold creator — Australian Gold Fund (@aus_goldfund) / Posts / X,forex-gold-signals,"[""https://x.com/aus_goldfund""]",2026-06-26 13:31:40.39045+00,2026-06-26 13:31:40.39045+00,,,2026-06-26 13:31:21.578169+00,2026-06-26 13:31:21.578169+00
Poland,@MikeReczkowicz,Michał Ręczkowicz,,Już pojawiają się sygnały o brakach materiałów…. #ropa #iran ... #algotradeai #forex #stockexchange #AITrading #AlgorithmicTrading #QuantFinance.,https://x.com/MikeReczkowicz,Poland forex/gold creator — Michał Ręczkowicz (@MikeReczkowicz) / Posts / X - Twitter,forex-gold-signals,"[""https://x.com/MikeReczkowicz""]",2026-06-26 13:41:18.77555+00,2026-06-26 13:41:18.77555+00,,,2026-06-26 13:31:40.39045+00,2026-06-26 13:31:40.39045+00
Italy,@ForexLady3,Forex Lady,,Pakistani • Italy • UK •Proud Sindhi • Strong supporter of empowerment  ‍♀️ •Forex Crypto Trader • Foodie •Fitness freak ‍♀️ ...Read more,https://x.com/ForexLady3,Italy forex/gold creator — Forex Lady (@ForexLady3) / Posts / X,forex-gold-signals,"[""https://x.com/ForexLady3""]",2026-06-26 13:31:18.329962+00,2026-06-26 13:31:18.329962+00,,,2026-06-26 13:41:18.77555+00,2026-06-26 13:41:18.77555+00
Canada,@JoeMazumdar,Joe Mazumdar,,"He also emphasizes the importance of investing in liquid commodities like gold, silver, copper, and uranium. For beginner geologists and investors, Joe offers ...",https://x.com/JoeMazumdar,Canada forex/gold creator — Joe Mazumdar (@JoeMazumdar) / Posts / X - Twitter,forex-gold-signals,"[""https://x.com/JoeMazumdar""]",2026-06-26 13:31:16.72947+00,2026-06-26 13:31:16.72947+00,,,2026-06-26 13:31:18.329962+00,2026-06-26 13:31:18.329962+00
Canada,@fxbootcamp,FX BOOTCAMP | #FOREX,,Trade like a Pro: Step by Step Process For Planning Trades using... Not a subscriber yet? Take the $7.90 trial: http://www.QuantBox.c... www.youtube.com.,https://x.com/fxbootcamp,Canada forex/gold creator — FX BOOTCAMP | #FOREX (@fxbootcamp) / Posts / X - Twitter,forex-gold-signals,"[""https://x.com/fxbootcamp""]",2026-06-26 13:31:15.484094+00,2026-06-26 13:31:15.484094+00,,,2026-06-26 13:31:16.72947+00,2026-06-26 13:31:16.72947+00
UK,@Julia_XAUUSD,Julia XAUUSD Analyst,,#XAUUSD Analyst | Daily Gold Setups & Analysis | Risk Management First | Not financial advice. Posts. Pinned Post. Julia XAUUSD Analyst profile.,https://x.com/Julia_XAUUSD,UK forex/gold creator — Julia XAUUSD Analyst (@Julia_XAUUSD) / Posts / X - Twitter,forex-gold-signals,"[""https://x.com/Julia_XAUUSD""]",2026-06-26 13:41:14.751031+00,2026-06-26 13:41:14.751031+00,,,2026-06-26 13:31:15.484094+00,2026-06-26 13:31:15.484094+00
Germany,@iMapsCapital,iMaps Capital Markets,,"✓ Er bewertet den größten Markt für Retail-Anlageprodukte der Welt: Deutschland, mit über 111 Milliarden EUR ausstehendem Volumen. ✓ Bewertet von über 40 ...",https://x.com/iMapsCapital,Germany forex/gold creator — iMaps Capital Markets (@iMapsCapital) / Posts / X - Twitter,forex-gold-signals,"[""https://x.com/iMapsCapital""]",2026-06-26 13:40:50.629165+00,2026-06-26 13:40:50.629165+00,,,2026-06-26 13:41:14.751031+00,2026-06-26 13:41:14.751031+00
Canada,@badcharts1,Patrick Karim,,"Patrick Karim (@badcharts1) - Posts - Chart trader. Scientific ""weight of evidence"" market analysis incorporating risk & money management.",https://x.com/badcharts1,Canada forex/gold creator — Patrick Karim (@badcharts1) / Posts / X - Twitter,forex-gold-signals,"[""https://x.com/badcharts1""]",2026-06-26 13:40:32.913016+00,2026-06-26 13:40:32.913016+00,,,2026-06-26 13:40:50.629165+00,2026-06-26 13:40:50.629165+00
UAE,@urbanforex,Urban Forex,,"Urban Forex (@urbanforex) - Posts - The goal is to simplify market price action, apply clear logic and make market analysis both easier .",https://x.com/urbanforex,UAE forex/gold creator — Urban Forex (@urbanforex) / Posts / X - Twitter,forex-gold-signals,"[""https://x.com/urbanforex""]",2026-06-26 13:40:53.685002+00,2026-06-26 13:40:53.685002+00,,,2026-06-26 13:40:32.913016+00,2026-06-26 13:40:32.913016+00
UK,@XAUUSD_Abhi,Abhi S,,XAUUSD Specialist | Forex Analyst ⚖️ Risk-managed setups | London/NY sessions Consistent & disciplined trading ⚠️ Not financial ...,https://x.com/XAUUSD_Abhi,UK forex/gold creator — Abhi S (@XAUUSD_Abhi) / Posts / X - Twitter,forex-gold-signals,"[""https://x.com/XAUUSD_Abhi""]",2026-06-26 13:41:15.102093+00,2026-06-26 13:41:15.102093+00,,,2026-06-26 13:40:53.685002+00,2026-06-26 13:40:53.685002+00
UAE,@EdgeSync_UAE,EdgeSync Trading,,Welcome to the EdgeSync Trading. We are building a global trading ecosystem focused on: Market Education Forex & XAUUSD Insights Trading Strategies,https://x.com/EdgeSync_UAE,UAE forex/gold creator — EdgeSync Trading (@EdgeSync_UAE) / Posts / X - Twitter,forex-gold-signals,"[""https://x.com/EdgeSync_UAE""]",2026-06-26 13:40:55.648507+00,2026-06-26 13:40:55.648507+00,,,2026-06-26 13:41:15.102093+00,2026-06-26 13:41:15.102093+00
France,@Tradingbeast05,Derrick Day Trading,,"“Trading effectively is about assessing probabilities, not certainties.” Hi, Nice to see you here⭐|Forex Mentor, Marketer & Consultant| ...",https://x.com/Tradingbeast05,France forex/gold creator — Derrick Day Trading (@Tradingbeast05) / Posts / X - Twitter,forex-gold-signals,"[""https://x.com/Tradingbeast05""]",2026-06-26 13:41:00.95743+00,2026-06-26 13:41:00.95743+00,,,2026-06-26 13:40:55.648507+00,2026-06-26 13:40:55.648507+00
Poland,@tradermike1234,Trader Mike,,Trader Mike (@tradermike1234) - Posts - Fulltime futures & forex trader with #TheStrat Base hits add up | X (formerly Twitter),https://x.com/tradermike1234,Poland forex/gold creator — Trader Mike (@tradermike1234) / Posts / X - Twitter,forex-gold-signals,"[""https://x.com/tradermike1234""]",2026-06-26 13:31:37.729717+00,2026-06-26 13:31:37.729717+00,,,2026-06-26 13:41:00.95743+00,2026-06-26 13:41:00.95743+00
Poland,@MFATrading,MFA Traders,,"MFA Traders. MFATrading. Location: Katowice, Poland. Website: https://mfatraders.com.",https://x.com/MFATrading,Poland forex/gold creator — MFA Traders (@MFATrading) / Posts / X - Twitter,forex-gold-signals,"[""https://x.com/MFATrading""]",2026-06-26 13:31:38.092491+00,2026-06-26 13:31:38.092491+00,,,2026-06-26 13:31:37.729717+00,2026-06-26 13:31:37.729717+00
UAE,@IamDapo,Dapo Willis,,Dapo Willis (@IamDapo) - Posts - Fund Manager - $650Million A.U.M || WMarkets ( BEST FOREX BROKER) | X (formerly Twitter) ... Gold is looking heavy!,https://x.com/IamDapo,UAE forex/gold creator — Dapo Willis (@IamDapo) / Posts / X - Twitter,forex-gold-signals,"[""https://x.com/IamDapo""]",2026-06-26 13:40:53.860441+00,2026-06-26 13:40:53.860441+00,,,2026-06-26 13:31:38.092491+00,2026-06-26 13:31:38.092491+00
Italy,@F28_Olivia,Olivia,,❤️‍ Consider booking partial profits now! #XAUUSD #GoldTrading #ForexSignals #ForexItalia #TradingItalia #OroTrading #InvestimentiOro ...,https://x.com/F28_Olivia,Italy forex/gold creator — Olivia (@F28_Olivia) / Posts / X - Twitter,forex-gold-signals,"[""https://x.com/F28_Olivia""]",2026-06-26 13:40:39.092636+00,2026-06-26 13:40:39.092636+00,,,2026-06-26 13:40:53.860441+00,2026-06-26 13:40:53.860441+00
Italy,@pitonetrading,Pitone Trading,89,"Website: http://t.me/pitonetrading. Joined: Apr 8, 2023. 182Posts. 343Following. 89Followers. t.me/pitonetrading. Posts. Pitone Trading profile.",https://x.com/pitonetrading,Italy forex/gold creator — Pitone Trading (@pitonetrading) / Posts / X - Twitter,forex-gold-signals,"[""https://x.com/pitonetrading""]",2026-06-26 13:40:39.27078+00,2026-06-26 13:40:39.27078+00,,,2026-06-26 13:40:39.092636+00,2026-06-26 13:40:39.092636+00
Saudi Arabia,@Caatishay,Atishay Jain | Investor,,"Got to hear from one of our jeweller friend that gold is trading at 1,55,000 if bought in cash and 1,64,000 in cheque. Does anyone knows the reason of this ...",https://x.com/Caatishay,Saudi Arabia forex/gold creator — Atishay Jain | Investor (@Caatishay) / Posts / X - Twitter,forex-gold-signals,"[""https://x.com/Caatishay""]",2026-06-26 13:41:07.347436+00,2026-06-26 13:41:07.347436+00,,,2026-06-26 13:40:39.27078+00,2026-06-26 13:40:39.27078+00
Poland,@protrader_com,Protrader,,"Protrader is a comprehensive and advanced software for brokerage to operate on all major markets, including Forex, Stocks, Futures, Options, and CFDs.",https://x.com/protrader_com,Poland forex/gold creator — Protrader (@protrader_com) / Posts / X - Twitter,forex-gold-signals,"[""https://x.com/protrader_com""]",2026-06-26 13:31:37.912261+00,2026-06-26 13:31:37.912261+00,,,2026-06-26 13:41:07.347436+00,2026-06-26 13:41:07.347436+00
Saudi Arabia,@AlfaFX_Academy,Alfa FX,,أطلق العنان لإمكانياتك في التداول - Unlock Your #Trading Potential with Alfa FX نقدم لك مكافأة قدرها 100 دولار لبدء نجاحك. سجل الآن وتداول بثقة Alfa FX ...,https://x.com/AlfaFX_Academy,Saudi Arabia forex/gold creator — Alfa FX (@AlfaFX_Academy) / Posts / X - Twitter,forex-gold-signals,"[""https://x.com/AlfaFX_Academy""]",2026-06-26 13:41:06.999434+00,2026-06-26 13:41:06.999434+00,,,2026-06-26 13:31:37.912261+00,2026-06-26 13:31:37.912261+00
France,@Wealth_Line,MATILDA EDINAM,,It makes my trading boring and repetitive. But it makes me a Profitable Trader. #TraderMindset · #Xauusd · #GOLD,https://x.com/Wealth_Line,France forex/gold creator — MATILDA EDINAM         (@Wealth_Line) / Posts / X - Twitter,forex-gold-signals,"[""https://x.com/Wealth_Line""]",2026-06-26 13:41:00.427259+00,2026-06-26 13:41:00.427259+00,,,2026-06-26 13:41:06.999434+00,2026-06-26 13:41:06.999434+00
Germany,@blaschzok,blaschzok,,"Markus Blaschzok ist ein Analyst, <b>Trader</b>. Analyse aus Sicht der Österreichischen. Goldpreises bereits der Beginn. Meine Analyse und die 150 Prozent ...",https://x.com/blaschzok,Germany forex/gold creator — Markus Blaschzok,forex-gold-signals,"[""https://x.com/blaschzok""]",2026-06-26 13:40:51.885581+00,2026-06-26 13:40:51.885581+00,,,2026-06-26 13:41:00.427259+00,2026-06-26 13:41:00.427259+00
France,@VasilyTrader,VasilyTrader,,PRO Trader and Trading Coach With 10-Year Experience Trading Education & Technical Analysis ✓ Best Daily Free Forex Signals & Forecasts ✓ Live Streams ✓ Weekly ...,https://x.com/VasilyTrader,France forex/gold creator — VasilyTrader (Free Forex & Gold Signals) - Twitter,forex-gold-signals,"[""https://x.com/VasilyTrader""]",2026-06-26 13:41:02.28892+00,2026-06-26 13:41:02.28892+00,,,2026-06-26 13:40:51.885581+00,2026-06-26 13:40:51.885581+00
UAE,@XauusdSignal,Xauusd Signal,,"Dubai traders know — discipline beats prediction. DM ""GOLD"" for premium XAUUSD signals. #XAUUSD #Gold #DubaiTraders # ...Read more",https://x.com/XauusdSignal,UAE forex/gold creator — Xauusd Signal (@XauusdSignal) / Posts / X,forex-gold-signals,"[""https://x.com/XauusdSignal""]",2026-06-26 13:31:27.574795+00,2026-06-26 13:31:27.574795+00,,,2026-06-26 13:41:02.28892+00,2026-06-26 13:41:02.28892+00
UAE,@Fci_Futures,Divyesh Lapalikar | Gold & Dollar Analyst,,Jun 17. #XAUUSD #Gold – Drops Over $160 After Kevin Warsh's First Hawkish FOMC! Fed signals a more hawkish stance with one rate hike expected in 2026 ...,https://x.com/Fci_Futures,UAE forex/gold creator — Divyesh Lapalikar | Gold & Dollar Analyst (@Fci_Futures) / Posts / X,forex-gold-signals,"[""https://x.com/Fci_Futures""]",2026-06-26 13:40:56.696808+00,2026-06-26 13:40:56.696808+00,,,2026-06-26 13:31:27.574795+00,2026-06-26 13:31:27.574795+00
France,@ChananaCharu,Charu Chanana,,"Charu shared her perspectives on what 2026 could mean for global financial markets en France, notre analyste @ChananaCharu, Today's macro and ...",https://x.com/ChananaCharu,France forex/gold creator — Charu Chanana (@ChananaCharu) / Posts / X - Twitter,forex-gold-signals,"[""https://x.com/ChananaCharu""]",2026-06-26 13:41:04.149187+00,2026-06-26 13:41:04.149187+00,,,2026-06-26 13:40:56.696808+00,2026-06-26 13:40:56.696808+00
France,@forexive,FOREXIVE,,Why does almost every trader have XAUUSD on their watchlist? Best answer gets a FREE 10K Challenge Account. 55. 9. 44. 2625 ·. FOREXIVE profile.,https://x.com/forexive,France forex/gold creator — FOREXIVE (@forexive) / Posts / X - Twitter,forex-gold-signals,"[""https://x.com/forexive""]",2026-06-26 13:41:00.780306+00,2026-06-26 13:41:00.780306+00,,,2026-06-26 13:41:04.149187+00,2026-06-26 13:41:04.149187+00
Italy,@cantonfair,Canton Fair,,My Canton Fair Story: American influencer Chloe Jade visited the 139th Canton Fair Pre-registration for overseas buyers is open. Visit the Canton Fair ...,https://x.com/cantonfair,Italy forex/gold creator — Canton Fair (@cantonfair) / Posts / X - Twitter,forex-gold-signals,"[""https://x.com/cantonfair""]",2026-06-26 13:40:42.251993+00,2026-06-26 13:40:42.251993+00,,,2026-06-26 13:41:00.780306+00,2026-06-26 13:41:00.780306+00
Saudi Arabia,@expert_austin,RoyalFXSignals,,"#XAUUSD #Gold – 4H #SMC $Gold continues to trade in a strong bearish trend, maintaining a sequence of lower highs and lower lows while remaining below key ...",https://x.com/expert_austin,Saudi Arabia forex/gold creator — RoyalFXSignals (@expert_austin) / Posts / X - Twitter,forex-gold-signals,"[""https://x.com/expert_austin""]",2026-06-26 13:41:10.339436+00,2026-06-26 13:41:10.339436+00,,,2026-06-26 13:40:42.251993+00,2026-06-26 13:40:42.251993+00
UAE,@AetramFinserv,Aetram Finserv,,"Aetram Finserv. AetramFinserv. Location: Dubai ... Traders are watching USD strength, yield movement, and geopolitical updates as XAUUSD stays under pressure.Read more",https://x.com/AetramFinserv,UAE forex/gold creator — Aetram Finserv (@AetramFinserv) / Posts / X,forex-gold-signals,"[""https://x.com/AetramFinserv""]",2026-06-26 13:31:27.93859+00,2026-06-26 13:31:27.93859+00,,,2026-06-26 13:41:10.339436+00,2026-06-26 13:41:10.339436+00
UAE,@Javed_xau,Javed Khan,,"Forex Trader | Market. Sharing charts, tips & strategies. BUY GOLD @ 4105–4107 📈 For Stoploss & Take Profit For Free #Gold #XAUUSD au Nov 11 #Gold jumps 3. ...",https://x.com/Javed_xau,UAE forex/gold creator — Javed Khan (@Javed_xau) / Posts / X - Twitter,forex-gold-signals,"[""https://x.com/Javed_xau""]",2026-06-26 13:40:58.618711+00,2026-06-26 13:40:58.618711+00,,,2026-06-26 13:31:27.93859+00,2026-06-26 13:31:27.93859+00
Germany,@KagelsTrading,Karsten Kagels,,"KagelsTrading Location: Berlin, Deutschland Website: https://www.kagels-trading.de. Forex und Futures. WTI & Brent Chartanalyse Ölpreisprognose",https://x.com/KagelsTrading,Germany forex/gold creator — Karsten Kagels (@KagelsTrading) / Posts / X,forex-gold-signals,"[""https://x.com/KagelsTrading""]",2026-06-26 13:40:51.531594+00,2026-06-26 13:40:51.531594+00,,,2026-06-26 13:40:58.618711+00,2026-06-26 13:40:58.618711+00
Canada,@JKB416902,Jenn Burns,,"Market structure matters in #gold and every other commodity, now more than ever. Abaxx Singapore gold futures on @abaxx_exchange, coming imminently to a theater ...",https://x.com/JKB416902,Canada forex/gold creator — Jenn Burns (@JKB416902) / Posts / X - Twitter,forex-gold-signals,"[""https://x.com/JKB416902""]",2026-06-26 13:40:35.404295+00,2026-06-26 13:40:35.404295+00,,,2026-06-26 13:40:51.531594+00,2026-06-26 13:40:51.531594+00
UK,@XauusdJohn,John,,"XAUUSD Traders, Are You Ready? Daily Gold Signals High-Probability Setups Market Analysis & Insights ICT & SMC Strategies ⚡ 12+ Years of Trading ...",https://x.com/XauusdJohn,UK forex/gold creator — John (@XauusdJohn) / Posts / X - Twitter,forex-gold-signals,"[""https://x.com/XauusdJohn""]",2026-06-26 13:41:14.925018+00,2026-06-26 13:41:14.925018+00,,,2026-06-26 13:40:35.404295+00,2026-06-26 13:40:35.404295+00
France,@CaVardhanCa,TrendSniperStocks - Vardhan,,No backtests. No edited charts. No “could have been” trades. 100 REAL trades in LIVE market. ✔️ Shared in real time with 500+ traders on Telegram,https://x.com/CaVardhanCa,France forex/gold creator — TrendSniperStocks - Vardhan (@CaVardhanCa) / Posts / X - Twitter,forex-gold-signals,"[""https://x.com/CaVardhanCa""]",2026-06-26 13:41:01.13034+00,2026-06-26 13:41:01.13034+00,,,2026-06-26 13:41:14.925018+00,2026-06-26 13:41:14.925018+00
UAE,@james_bentleyfx,James Bentley,,Our community of traders in UAE just keeps growing. It's been a while since I've been this hands on coaching traders of all levels one 2 one and I ...Read more,https://x.com/james_bentleyfx,UAE forex/gold creator — James Bentley (@james_bentleyfx) / Posts / X,forex-gold-signals,"[""https://x.com/james_bentleyfx""]",2026-06-26 13:31:25.047997+00,2026-06-26 13:31:25.047997+00,,,2026-06-26 13:41:01.13034+00,2026-06-26 13:41:01.13034+00
UAE,@PipsPulseFX01,Pips Pulse FX,,Pips Pulse FX (@PipsPulseFX01) - Posts - Gold trader: Join My FREE SIGNALS here You Will Get Free & Fast Signals Of #gold / #XAUUSD . #Pi.,https://x.com/PipsPulseFX01,UAE forex/gold creator — Pips Pulse FX (@PipsPulseFX01) / Posts / X - Twitter,forex-gold-signals,"[""https://x.com/PipsPulseFX01""]",2026-06-26 13:40:56.172279+00,2026-06-26 13:40:56.172279+00,,,2026-06-26 13:31:25.047997+00,2026-06-26 13:31:25.047997+00
Canada,@GoldPredictors,Gold Predictors,,"Forecasting the Next Move in Precious Metals ( #gold, #silver) Markets by Industry Experts and Research/Financial Analysts. Contact: support@goldpredictors.com ...",https://x.com/GoldPredictors,Canada forex/gold creator — Gold Predictors (@GoldPredictors) / Posts / X - Twitter,forex-gold-signals,"[""https://x.com/GoldPredictors""]",2026-06-26 13:40:32.739168+00,2026-06-26 13:40:32.739168+00,,,2026-06-26 13:40:56.172279+00,2026-06-26 13:40:56.172279+00
Saudi Arabia,@expert_golden,Golden Expert,,"Golden Expert (@expert_golden) - Posts - At Golden expert, we value and undertake constructive thinking about financial markets. | X (formerly Twitter)",https://x.com/expert_golden,Saudi Arabia forex/gold creator — Golden Expert (@expert_golden) / Posts / X,forex-gold-signals,"[""https://x.com/expert_golden""]",2026-06-26 13:41:06.652057+00,2026-06-26 13:41:06.652057+00,,,2026-06-26 13:40:32.739168+00,2026-06-26 13:40:32.739168+00
France,@Forex_Central,Forex Central,5626,"Location: Paris, France. Website: http://www.forex-central.net. Joined: Apr 20, 2010. 4070Posts. 1710Following. 5626Followers. Professional forex trader. I love ...",https://x.com/Forex_Central,France forex/gold creator — Forex Central (@Forex_Central) / Posts / X - Twitter,forex-gold-signals,"[""https://x.com/Forex_Central""]",2026-06-26 13:31:29.991296+00,2026-06-26 13:31:29.991296+00,,,2026-06-26 13:41:06.652057+00,2026-06-26 13:41:06.652057+00
Canada,@learntotradecom,Learn-To-Trade.com,,Contact Learn-To-Trade.com to learn more about our trading courses in Toronto and register for our free seminars and workshops on the stock and forex markets.,https://x.com/learntotradecom,Canada forex/gold creator — Learn-To-Trade.com (@learntotradecom) / Posts / X - Twitter,forex-gold-signals,"[""https://x.com/learntotradecom""]",2026-06-26 13:31:14.514231+00,2026-06-26 13:31:14.514231+00,,,2026-06-26 13:31:29.991296+00,2026-06-26 13:31:29.991296+00
France,@francescoxio,FRANCESCO,,"Discipline over dopamine. Sharing what I learn about mindset, trading and life. FX trader. EURUSD maximalist. Posts.",https://x.com/francescoxio,France forex/gold creator — FRANCESCO (@francescoxio) / Posts / X,forex-gold-signals,"[""https://x.com/francescoxio""]",2026-06-26 13:31:29.809339+00,2026-06-26 13:31:29.809339+00,,,2026-06-26 13:31:14.514231+00,2026-06-26 13:31:14.514231+00
Poland,@rafal_zaorski,Rafał Zaorski,,Odpaliłem analitykę sentymentów BTC w @bigshortbets. Codziennie miedzy 1 w nocy a 9 rano(otwarcie sesji europejskich) badamy sentymenty na BTC traderów na ...,https://x.com/rafal_zaorski,Poland forex/gold creator — Rafał Zaorski (@rafal_zaorski) / Posts / X - Twitter,forex-gold-signals,"[""https://x.com/rafal_zaorski""]",2026-06-26 13:41:18.422443+00,2026-06-26 13:41:18.422443+00,,,2026-06-26 13:31:29.809339+00,2026-06-26 13:31:29.809339+00
Germany,@TradersCorner,Garth Mackenzie,,"Julian Komar is based in northern Germany, near Hamburg. I've wante ... Marc Walton Forex trader & mentor profile. Marc Walton Forex trader & mentor.",https://x.com/TradersCorner,Germany forex/gold creator — Garth Mackenzie (@TradersCorner) / Posts / X - Twitter,forex-gold-signals,"[""https://x.com/TradersCorner""]",2026-06-26 13:31:21.398527+00,2026-06-26 13:31:21.398527+00,,,2026-06-26 13:41:18.422443+00,2026-06-26 13:41:18.422443+00
Italy,@SinuseJ,Rashmi Bharat,,"XAUUSD PREMIUM SIGNALS. Recommendation and Signals for every trader. Professional team and professional skills. Certified Financial Analyst (CFA, FRM) . t.me.",https://x.com/SinuseJ,Italy forex/gold creator — Rashmi Bharat (@SinuseJ) / Posts / X - Twitter,forex-gold-signals,"[""https://x.com/SinuseJ""]",2026-06-26 13:40:38.736218+00,2026-06-26 13:40:38.736218+00,,,2026-06-26 13:31:21.398527+00,2026-06-26 13:31:21.398527+00
Poland,@Ichimoku_eu,Ichimoku Ltd.,,"Gold; Czas operacji 06-09 czerwca. Aktywacja EA po otwarciu rynku USA. Trzy niezależne od siebie operacje, poprowadzone przez EA ""Trouble Buster"" z celem 4TP.",https://x.com/Ichimoku_eu,Poland forex/gold creator — Ichimoku Ltd. (@Ichimoku_eu) / Posts / X - Twitter,forex-gold-signals,"[""https://x.com/Ichimoku_eu""]",2026-06-26 13:41:18.217921+00,2026-06-26 13:41:18.217921+00,,,2026-06-26 13:40:38.736218+00,2026-06-26 13:40:38.736218+00
UAE,@vikinsa,Vik Aggarwal,,"Free Analysis, Updates from Vik including trade setups, lessons & articles. Commodities ✅ Indices ✅ Stocks. Watch my free analysis on youtube , GOLD, BITCOIN ...",https://x.com/vikinsa,UAE forex/gold creator — Vik Aggarwal (@vikinsa) / Posts / X - Twitter,forex-gold-signals,"[""https://x.com/vikinsa""]",2026-06-26 13:40:59.142162+00,2026-06-26 13:40:59.142162+00,,,2026-06-26 13:41:18.217921+00,2026-06-26 13:41:18.217921+00
UAE,@AccuIndex,AccuIndex,,"Dubai - United Arab Emirates (XAU/USD) climbing to the $3,870 level during Asian trading hours. fresh signals from the US Federal Reserve.",https://x.com/AccuIndex,UAE forex/gold creator — AccuIndex (@AccuIndex) / Posts / X - Twitter,forex-gold-signals,"[""https://x.com/AccuIndex""]",2026-06-26 13:40:55.822639+00,2026-06-26 13:40:55.822639+00,,,2026-06-26 13:40:59.142162+00,2026-06-26 13:40:59.142162+00
Saudi Arabia,@xauusd__expert_,zia,,"Forex, Commodities & Indices Expert | Trusted Signal Provider | Real-Time Updates | Helping Traders Maximize Profits | DM for Inquiries",https://x.com/xauusd__expert_,Saudi Arabia forex/gold creator — zia (@xauusd__expert_) / Posts / X - Twitter,forex-gold-signals,"[""https://x.com/xauusd__expert_""]",2026-06-26 13:31:33.141604+00,2026-06-26 13:31:33.141604+00,,,2026-06-26 13:40:55.822639+00,2026-06-26 13:40:55.822639+00
Germany,@Leizltrader,Leizl,,"Location: Hamburg, Germany. Xauusd since 2024. still a beginner trader and still learning . Trading with #EURUSD #XAAUSD bank 80% on first impulse",https://x.com/Leizltrader,Germany forex/gold creator — Leizl (@Leizltrader) / Posts / X,forex-gold-signals,"[""https://x.com/Leizltrader""]",2026-06-26 13:31:23.505529+00,2026-06-26 13:31:23.505529+00,,,2026-06-26 13:31:33.141604+00,2026-06-26 13:31:33.141604+00
Poland,@Davel3098534103,DaLe,,"Złoto spadło o ponad 1,3% do ok. 4139 USD za uncję po wyprzedaży spółek AI, która skierowała kapitał do dolara. Dodatkowo metalowi ciążyły oczekiwania ...",https://x.com/Davel3098534103,Poland forex/gold creator — DaLe (@Davel3098534103) / Posts / X,forex-gold-signals,"[""https://x.com/Davel3098534103""]",2026-06-26 13:41:20.752826+00,2026-06-26 13:41:20.752826+00,,,2026-06-26 13:31:23.505529+00,2026-06-26 13:31:23.505529+00
UAE,@KamaCapital,Kama Capital,,"Intraday indicators are mixed, suggesting caution, but the bullish outlook remains valid above the pivot level. #Gold #XAUUSD #Trading #Commodities #Markets.",https://x.com/KamaCapital,UAE forex/gold creator — Kama Capital (@KamaCapital) / Posts / X - Twitter,forex-gold-signals,"[""https://x.com/KamaCapital""]",2026-06-26 13:40:56.346773+00,2026-06-26 13:40:56.346773+00,,,2026-06-26 13:41:20.752826+00,2026-06-26 13:41:20.752826+00
Canada,@ThePivotQueen,ThePivotQueen,,Gold is at the B pivot. Gold Futures (Block Cluster Area) More details on Gold in the video below. Sign-Up To TheBesTTraders Traders Community at No Cost,https://x.com/ThePivotQueen,Canada forex/gold creator — ThePivotQueen (@ThePivotQueen) / Posts / X - Twitter,forex-gold-signals,"[""https://x.com/ThePivotQueen""]",2026-06-26 13:40:35.58009+00,2026-06-26 13:40:35.58009+00,,,2026-06-26 13:40:56.346773+00,2026-06-26 13:40:56.346773+00
UAE,@DGCX,DGCX,,"The Dubai Gold & Commodities Exchange (DGCX) recorded its highest daily gold futures volume in six years, with nearly 5,000 lots traded in a single session,",https://x.com/DGCX,UAE forex/gold creator — DGCX (@DGCX) / Posts / X - Twitter,forex-gold-signals,"[""https://x.com/DGCX""]",2026-06-26 13:31:26.60604+00,2026-06-26 13:31:26.60604+00,,,2026-06-26 13:40:35.58009+00,2026-06-26 13:40:35.58009+00
Saudi Arabia,@aarzu04625061,Forex and Comex,,"I am an analyst in #forex and #comex . We provide signal in forex , comex and indices. We have an expert research team with great knowledge ...",https://x.com/aarzu04625061,Saudi Arabia forex/gold creator — Forex and Comex (@aarzu04625061) / Posts / X - Twitter,forex-gold-signals,"[""https://x.com/aarzu04625061""]",2026-06-26 13:41:08.638942+00,2026-06-26 13:41:08.638942+00,,,2026-06-26 13:31:26.60604+00,2026-06-26 13:31:26.60604+00
Saudi Arabia,@bndr0569279322,🇯🇵XAUUSD🇯🇵,,XAUUSD     @JAPANXAUUSD (@bndr0569279322) - Posts - I am a Japanese XAUUSD trader.     2018年からトレードで15億稼ぎました。 | X (formerly Twitter),https://x.com/bndr0569279322,Saudi Arabia forex/gold creator — 🇯🇵XAUUSD🇯🇵 @JAPANXAUUSD (@bndr0569279322) / Posts ...,forex-gold-signals,"[""https://x.com/bndr0569279322""]",2026-06-26 13:31:34.109402+00,2026-06-26 13:31:34.109402+00,,,2026-06-26 13:41:08.638942+00,2026-06-26 13:41:08.638942+00
UAE,@GoldTradeDubai,Gold Trade,,Gold price declining for last 3 weeks. #GoldPrice reach very near to AED 600 /gm mark. Dubai Jan 16 Spot #goldprice trading near $4600 per ounce.,https://x.com/GoldTradeDubai,UAE forex/gold creator — Gold Trade (@GoldTradeDubai) / Posts / X - Twitter,forex-gold-signals,"[""https://x.com/GoldTradeDubai""]",2026-06-26 13:31:26.419077+00,2026-06-26 13:31:26.419077+00,,,2026-06-26 13:31:34.109402+00,2026-06-26 13:31:34.109402+00
Canada,@Karpyperth,Steve Karp,,Abaxx is also set to launch a Gold Futures contract and a Gold Spot market using the 1kg size with Singapore delivery. This allows further ...,https://x.com/Karpyperth,Canada forex/gold creator — Steve Karp (@Karpyperth) / Posts / X,forex-gold-signals,"[""https://x.com/Karpyperth""]",2026-06-26 13:40:34.846362+00,2026-06-26 13:40:34.846362+00,,,2026-06-26 13:31:26.419077+00,2026-06-26 13:31:26.419077+00
Poland,@CryptoStasiak,Crypto Stasiak,,Crypto Stasiak (@CryptoStasiak) - Posts - ▫️ Trader/Analityk ▫️ Przedsiębiorca ▫️ YouTube ▫️ W Krypto od 2017 Dołącz do mojej bezpłatnej .,https://x.com/CryptoStasiak,Poland forex/gold creator — Crypto Stasiak (@CryptoStasiak) / Posts / X - Twitter,forex-gold-signals,"[""https://x.com/CryptoStasiak""]",2026-06-26 13:41:19.863114+00,2026-06-26 13:41:19.863114+00,,,2026-06-26 13:40:34.846362+00,2026-06-26 13:40:34.846362+00
France,@LaunayVinc,Vincent Launay,,"Vincent Launay (@LaunayVinc) - Posts - Trader, investisseur et analyste indépendant #Bourse #Forex #Cryptos | X (formerly Twitter)",https://x.com/LaunayVinc,France forex/gold creator — Vincent Launay (@LaunayVinc) / Posts / X - Twitter,forex-gold-signals,"[""https://x.com/LaunayVinc""]",2026-06-26 13:41:04.674184+00,2026-06-26 13:41:04.674184+00,,,2026-06-26 13:41:19.863114+00,2026-06-26 13:41:19.863114+00
Canada,@KitcoNewsNOW,Kitco NEWS,,"Kitco News: The leading global source for precious metals, crypto, mining, and market news. Expert analysis, exclusive interviews, & in-depth ...",https://x.com/KitcoNewsNOW,Canada forex/gold creator — Kitco NEWS (@KitcoNewsNOW) / Posts / X - Twitter,forex-gold-signals,"[""https://x.com/KitcoNewsNOW""]",2026-06-26 13:40:32.556045+00,2026-06-26 13:40:32.556045+00,,,2026-06-26 13:41:04.674184+00,2026-06-26 13:41:04.674184+00
UAE,@fuaadhh,Fuaadh,,"$70,000 In Under 6 Months Trading Forex with AlphaCapital. Time stamps00:00 Intro00:06 Meet Hamza00:24 $70K Profit01:02 St... www.youtube.com.Read more",https://x.com/fuaadhh,UAE forex/gold creator — Fuaadh (@fuaadhh) / Posts / X,forex-gold-signals,"[""https://x.com/fuaadhh""]",2026-06-26 13:31:24.675013+00,2026-06-26 13:31:24.675013+00,,,2026-06-26 13:40:32.556045+00,2026-06-26 13:40:32.556045+00
UAE,@Raveena_Invests,Raveena,,"#XAUUSD is facing rejection near resistance, showing early #bearish pressure. Below key levels, expect continuation toward 4430–4400 while upside remains capped ...",https://x.com/Raveena_Invests,UAE forex/gold creator — Raveena (@Raveena_Invests) / Posts / X - Twitter,forex-gold-signals,"[""https://x.com/Raveena_Invests""]",2026-06-26 13:40:55.472907+00,2026-06-26 13:40:55.472907+00,,,2026-06-26 13:31:24.675013+00,2026-06-26 13:31:24.675013+00
UK,@DavidBitar1,David Bitar,,"$xauusd Daily structure remains bearish. The recent rebound appears corrective rather than impulsive. Unless buyers can reclaim and hold above key resistance, ...",https://x.com/DavidBitar1,UK forex/gold creator — David Bitar (@DavidBitar1) / Posts / X - Twitter,forex-gold-signals,"[""https://x.com/DavidBitar1""]",2026-06-26 13:41:11.633835+00,2026-06-26 13:41:11.633835+00,,,2026-06-26 13:40:55.472907+00,2026-06-26 13:40:55.472907+00
Canada,@Alice__xauusd,Alice_XAUUSD,,"Master the market、 layout ahead , Global foreign exchange financial analyst 9 years experience as a Financial analyst （ #XAUUSD #gold #forex）. Posts.",https://x.com/Alice__xauusd,Canada forex/gold creator — Alice_XAUUSD (@Alice__xauusd) / Posts / X - Twitter,forex-gold-signals,"[""https://x.com/Alice__xauusd""]",2026-06-26 13:40:31.834728+00,2026-06-26 13:40:31.834728+00,,,2026-06-26 13:41:11.633835+00,2026-06-26 13:41:11.633835+00
Canada,@SWGoldReport,The Gold Report,,"The Gold Report, by Streetwise Reports, features the leading investment coverage of gold, silver, platinum, other precious metals, critical metals & base ...",https://x.com/SWGoldReport,Canada forex/gold creator — The Gold Report (@SWGoldReport) / Posts / X - Twitter,forex-gold-signals,"[""https://x.com/SWGoldReport""]",2026-06-26 13:31:16.356159+00,2026-06-26 13:31:16.356159+00,,,2026-06-26 13:40:31.834728+00,2026-06-26 13:40:31.834728+00
Germany,@kathylienfx,Kathy Lien,,Kathy Lien (@kathylienfx) - Posts - Youngest Prop Trader Ever at JPMorgan 20+ Years Trading Author of 6 Trading Books Macro Tradi.,https://x.com/kathylienfx,Germany forex/gold creator — Kathy Lien (@kathylienfx) / Posts / X - Twitter,forex-gold-signals,"[""https://x.com/kathylienfx""]",2026-06-26 13:31:21.030598+00,2026-06-26 13:31:21.030598+00,,,2026-06-26 13:31:16.356159+00,2026-06-26 13:31:16.356159+00
,,,,Germany,@kathylienfx,Kathy Lien,,Kathy Lien (@kathylienfx) - Posts - Youngest Prop Trader Ever at JPMorgan 20+ Years Trading Author of 6 Trading Books Macro Tradi.,https://x.com/kathylienfx,Germany forex/gold creator — Kathy Lien (@kathylienfx) / Posts / X - Twitter,forex-gold-signals,"[""https://x.com/kathylienfx""]",2026-06-26 13:31:21.030598+00,2026-06-26 13:31:21.030598+00